{
  "collection": "cmsBlocks",
  "datas": [
    {
      "group": "",
      "active": true,
      "_id": "5b7e857309c72307ffb3c7db",
      "code": "header",
      "translation": {
        "en": {
          "content": "<!-- Header section --><header class=\"header-section\">\n<div class=\"header-top\">\n<div class=\"container\">\n<div class=\"row\">\n<div class=\"col-lg-2 text-center text-lg-left\"><!-- logo --> <a href=\"/\" class=\"site-logo\"> <img src=\"/medias/logo.png\" alt=\"\" /> </a></div>\n<ns-search></ns-search>\n<div class=\"col-xl-4 col-lg-5\">\n<div class=\"user-panel\"><ns-login></ns-login> <ns-cart-count></ns-cart-count> <ns-lang></ns-lang></div>\n</div>\n</div>\n</div>\n</div>\n<ns-menu ns-code=\"menu-header\"></ns-menu></header><!-- Header section end -->",
          "description": "header",
          "html": "<!-- Header section --><header class=\"header-section\">\n<div class=\"header-top\">\n<div class=\"container\">\n<div class=\"row\">\n<div class=\"col-lg-2 text-center text-lg-left\"><!-- logo --> <a href=\"/\" class=\"site-logo\"> <img src=\"/medias/logo.png\" alt=\"\" /> </a></div>\n<ns-search></ns-search>\n<div class=\"col-xl-4 col-lg-5\">\n<div class=\"user-panel\"><ns-login></ns-login> <ns-cart-count></ns-cart-count> <ns-lang></ns-lang></div>\n</div>\n</div>\n</div>\n</div>\n<ns-menu ns-code=\"menu-header\"></ns-menu></header><!-- Header section end -->",
          "variables": []
        },
        "fr": {
          "description": "Header",
          "content": "<!-- Header section --><header class=\"header-section\">\n<div class=\"header-top\">\n<div class=\"container\">\n<div class=\"row\">\n<div class=\"col-lg-2 text-center text-lg-left\"><!-- logo --> <a href=\"/\" class=\"site-logo\"> <img src=\"/medias/logo.png\" alt=\"\" /> </a></div>\n<ns-search></ns-search>\n<div class=\"col-xl-4 col-lg-5\">\n<div class=\"user-panel\"><ns-login></ns-login> <ns-cart-count></ns-cart-count> <ns-lang></ns-lang></div>\n</div>\n</div>\n</div>\n</div>\n<ns-menu ns-code=\"menu-header\"></ns-menu></header><!-- Header section end -->",
          "html": "<!-- Header section --><header class=\"header-section\">\n<div class=\"header-top\">\n<div class=\"container\">\n<div class=\"row\">\n<div class=\"col-lg-2 text-center text-lg-left\"><!-- logo --> <a href=\"/\" class=\"site-logo\"> <img src=\"/medias/logo.png\" alt=\"\" /> </a></div>\n<ns-search></ns-search>\n<div class=\"col-xl-4 col-lg-5\">\n<div class=\"user-panel\"><ns-login></ns-login> <ns-cart-count></ns-cart-count> <ns-lang></ns-lang></div>\n</div>\n</div>\n</div>\n</div>\n<ns-menu ns-code=\"menu-header\"></ns-menu></header><!-- Header section end -->",
          "variables": []
        }
      }
    },
    {
      "group": "",
      "active": true,
      "_id": "5b7e859e09c72307ffb3c7dc",
      "code": "footer",
      "translation": {
        "fr": {
          "description": "Footer",
          "content": "<section class=\"footer-section\">\n<div class=\"container\">\n<div class=\"footer-logo text-center\"><a href=\"/index.html\"><img src=\"/medias/logo-light.png\" alt=\"\" /></a></div>\n<div class=\"row\">\n<div class=\"col-lg-3 col-sm-6\">\n<div class=\"footer-widget about-widget\">\n<h2>&Agrave; propos</h2>\n<p>Divisima est un site marchant proposant toutes sortes de v&ecirc;tements pour femmes. Vous trouverez votre bonheur parmi nos diff&eacute;rentes collections, que ce soit pour l'&eacute;t&eacute; ou l'hiver.</p>\n<img src=\"/medias/cards.png\" alt=\"\" /></div>\n</div>\n<div class=\"col-lg-3 col-sm-6\">\n<div class=\"footer-widget about-widget\">\n<h2>Questions</h2>\n<ul>\n<li><a href=\"#\">&Agrave; propos de nous</a></li>\n<li><a href=\"#\">Suivi des Commandes</a></li>\n<li><a href=\"#\">Retours</a></li>\n<li><a href=\"#\">Jobs</a></li>\n<li><a href=\"#\">Livraisons</a></li>\n<li><a href=\"#\">Blog</a></li>\n</ul>\n<ul>\n<li><a href=\"#\">Partenaires</a></li>\n<li><a href=\"#\">Bloggers</a></li>\n<li><a href=\"#\">Support</a></li>\n<li><a href=\"#\">Termes d'Utilisation</a></li>\n<li><a href=\"#\">Presse</a></li>\n</ul>\n</div>\n</div>\n<div class=\"col-lg-3 col-sm-6\">\n<div class=\"footer-widget about-widget\">\n<h2>Questions</h2>\n<div class=\"fw-latest-post-widget\">\n<div class=\"lp-item\">\n<div class=\"lp-thumb set-bg\" data-setbg=\"/medias/blog-thumbs/1.jpg\"></div>\n<div class=\"lp-content\">\n<h6>Comment choisir sa taille de v&ecirc;tements</h6>\n<span>Jui 18, 2020</span>&nbsp;<a href=\"/blog/taille_vetements\" class=\"readmore\">Lire plus</a></div>\n</div>\n<div class=\"lp-item\">\n<div class=\"lp-thumb set-bg\" data-setbg=\"/medias/blog-thumbs/2.jpg\"></div>\n<div class=\"lp-content\">\n<h6>Tendances cette ann&eacute;e</h6>\n<span>Mar 07, 2019</span>&nbsp;<a href=\"/blog/lancement\" class=\"readmore\">Lire plus</a></div>\n</div>\n</div>\n</div>\n</div>\n<div class=\"col-lg-3 col-sm-6\">\n<div class=\"footer-widget contact-widget\">\n<h2>Questions</h2>\n<div class=\"con-info\"><span>C.</span>\n<p>Votre Companie Ltd</p>\n</div>\n<div class=\"con-info\"><span>B.</span>\n<p>1481 Creekside Lane Avila Beach, CA 93424, P.O. BOX 68</p>\n</div>\n<div class=\"con-info\"><span>T.</span>\n<p>+53 345 7953 32453</p>\n</div>\n<div class=\"con-info\"><span>E.</span>\n<p>office@votreemail.com</p>\n</div>\n</div>\n</div>\n</div>\n</div>\n<div class=\"social-links-warp\">\n<div class=\"container\">\n<div class=\"social-links\"><a href=\"#\" class=\"instagram\"><i class=\"fa fa-instagram\"></i><span>instagram</span></a>&nbsp;<a href=\"#\" class=\"pinterest\"><i class=\"fa fa-pinterest\"></i><span>pinterest</span></a> <a href=\"#\" class=\"facebook\"><i class=\"fa fa-facebook\"></i><span>facebook</span></a> <a href=\"#\" class=\"twitter\"><i class=\"fa fa-twitter\"></i><span>twitter</span></a> <a href=\"#\" class=\"youtube\"><i class=\"fa fa-youtube\"></i><span>youtube</span></a></div>\n<!-- Link back to Colorlib can't be removed. Template is licensed under CC BY 3.0. --><!-- Link back to Colorlib can't be removed. Template is licensed under CC BY 3.0. --></div>\n</div>\n</section>\n<!-- Footer section end -->",
          "html": "<section class=\"footer-section\">\n<div class=\"container\">\n<div class=\"footer-logo text-center\"><a href=\"/index.html\"><img src=\"/medias/logo-light.png\" alt=\"\" /></a></div>\n<div class=\"row\">\n<div class=\"col-lg-3 col-sm-6\">\n<div class=\"footer-widget about-widget\">\n<h2>&Agrave; propos</h2>\n<p>Divisima est un site marchant proposant toutes sortes de v&ecirc;tements pour femmes. Vous trouverez votre bonheur parmi nos diff&eacute;rentes collections, que ce soit pour l'&eacute;t&eacute; ou l'hiver.</p>\n<img src=\"/medias/cards.png\" alt=\"\" /></div>\n</div>\n<div class=\"col-lg-3 col-sm-6\">\n<div class=\"footer-widget about-widget\">\n<h2>Questions</h2>\n<ul>\n<li><a href=\"#\">&Agrave; propos de nous</a></li>\n<li><a href=\"#\">Suivi des Commandes</a></li>\n<li><a href=\"#\">Retours</a></li>\n<li><a href=\"#\">Jobs</a></li>\n<li><a href=\"#\">Livraisons</a></li>\n<li><a href=\"#\">Blog</a></li>\n</ul>\n<ul>\n<li><a href=\"#\">Partenaires</a></li>\n<li><a href=\"#\">Bloggers</a></li>\n<li><a href=\"#\">Support</a></li>\n<li><a href=\"#\">Termes d'Utilisation</a></li>\n<li><a href=\"#\">Presse</a></li>\n</ul>\n</div>\n</div>\n<div class=\"col-lg-3 col-sm-6\">\n<div class=\"footer-widget about-widget\">\n<h2>Questions</h2>\n<div class=\"fw-latest-post-widget\">\n<div class=\"lp-item\">\n<div class=\"lp-thumb set-bg\" data-setbg=\"/medias/blog-thumbs/1.jpg\"></div>\n<div class=\"lp-content\">\n<h6>Comment choisir sa taille de v&ecirc;tements</h6>\n<span>Jui 18, 2020</span>&nbsp;<a href=\"/blog/taille_vetements\" class=\"readmore\">Lire plus</a></div>\n</div>\n<div class=\"lp-item\">\n<div class=\"lp-thumb set-bg\" data-setbg=\"/medias/blog-thumbs/2.jpg\"></div>\n<div class=\"lp-content\">\n<h6>Tendances cette ann&eacute;e</h6>\n<span>Mar 07, 2019</span>&nbsp;<a href=\"/blog/lancement\" class=\"readmore\">Lire plus</a></div>\n</div>\n</div>\n</div>\n</div>\n<div class=\"col-lg-3 col-sm-6\">\n<div class=\"footer-widget contact-widget\">\n<h2>Questions</h2>\n<div class=\"con-info\"><span>C.</span>\n<p>Votre Companie Ltd</p>\n</div>\n<div class=\"con-info\"><span>B.</span>\n<p>1481 Creekside Lane Avila Beach, CA 93424, P.O. BOX 68</p>\n</div>\n<div class=\"con-info\"><span>T.</span>\n<p>+53 345 7953 32453</p>\n</div>\n<div class=\"con-info\"><span>E.</span>\n<p>office@votreemail.com</p>\n</div>\n</div>\n</div>\n</div>\n</div>\n<div class=\"social-links-warp\">\n<div class=\"container\">\n<div class=\"social-links\"><a href=\"#\" class=\"instagram\"><i class=\"fa fa-instagram\"></i><span>instagram</span></a>&nbsp;<a href=\"#\" class=\"pinterest\"><i class=\"fa fa-pinterest\"></i><span>pinterest</span></a> <a href=\"#\" class=\"facebook\"><i class=\"fa fa-facebook\"></i><span>facebook</span></a> <a href=\"#\" class=\"twitter\"><i class=\"fa fa-twitter\"></i><span>twitter</span></a> <a href=\"#\" class=\"youtube\"><i class=\"fa fa-youtube\"></i><span>youtube</span></a></div>\n<!-- Link back to Colorlib can't be removed. Template is licensed under CC BY 3.0. --><!-- Link back to Colorlib can't be removed. Template is licensed under CC BY 3.0. --></div>\n</div>\n</section>\n<!-- Footer section end -->",
          "variables": []
        },
        "en": {
          "content": "<section class=\"footer-section\">\n<div class=\"container\">\n<div class=\"footer-logo text-center\"><a href=\"/index.html\"><img src=\"/medias/logo-light.png\" alt=\"\" /></a></div>\n<div class=\"row\">\n<div class=\"col-lg-3 col-sm-6\">\n<div class=\"footer-widget about-widget\">\n<h2>About</h2>\n<p>Donec vitae purus nunc. Morbi faucibus erat sit amet congue mattis. Nullam frin-gilla faucibus urna, id dapibus erat iaculis ut. Integer ac sem.</p>\n<img src=\"/medias/cards.png\" alt=\"\" /></div>\n</div>\n<div class=\"col-lg-3 col-sm-6\">\n<div class=\"footer-widget about-widget\">\n<h2>Questions</h2>\n<ul>\n<li><a href=\"#\">About Us</a></li>\n<li><a href=\"#\">Track Orders</a></li>\n<li><a href=\"#\">Returns</a></li>\n<li><a href=\"#\">Jobs</a></li>\n<li><a href=\"#\">Shipping</a></li>\n<li><a href=\"#\">Blog</a></li>\n</ul>\n<ul>\n<li><a href=\"#\">Partners</a></li>\n<li><a href=\"#\">Bloggers</a></li>\n<li><a href=\"#\">Support</a></li>\n<li><a href=\"#\">Terms of Use</a></li>\n<li><a href=\"#\">Press</a></li>\n</ul>\n</div>\n</div>\n<div class=\"col-lg-3 col-sm-6\">\n<div class=\"footer-widget about-widget\">\n<h2>Questions</h2>\n<div class=\"fw-latest-post-widget\">\n<div class=\"lp-item\">\n<div class=\"lp-thumb set-bg\" data-setbg=\"/medias/blog-thumbs/1.jpg\"></div>\n<div class=\"lp-content\">\n<h6>what shoes to wear</h6>\n<span>Oct 21, 2018</span> <a href=\"#\" class=\"readmore\">Read More</a></div>\n</div>\n<div class=\"lp-item\">\n<div class=\"lp-thumb set-bg\" data-setbg=\"/medias/blog-thumbs/2.jpg\"></div>\n<div class=\"lp-content\">\n<h6>trends this year</h6>\n<span>Oct 21, 2018</span> <a href=\"#\" class=\"readmore\">Read More</a></div>\n</div>\n</div>\n</div>\n</div>\n<div class=\"col-lg-3 col-sm-6\">\n<div class=\"footer-widget contact-widget\">\n<h2>Questions</h2>\n<div class=\"con-info\"><span>C.</span>\n<p>Your Company Ltd</p>\n</div>\n<div class=\"con-info\"><span>B.</span>\n<p>1481 Creekside Lane Avila Beach, CA 93424, P.O. BOX 68</p>\n</div>\n<div class=\"con-info\"><span>T.</span>\n<p>+53 345 7953 32453</p>\n</div>\n<div class=\"con-info\"><span>E.</span>\n<p>office@youremail.com</p>\n</div>\n</div>\n</div>\n</div>\n</div>\n<div class=\"social-links-warp\">\n<div class=\"container\">\n<div class=\"social-links\"><a href=\"#\" class=\"instagram\"><i class=\"fa fa-instagram\"></i><span>instagram</span></a> <a href=\"#\" class=\"google-plus\"><i class=\"fa fa-google-plus\"></i><span>g+plus</span></a> <a href=\"#\" class=\"pinterest\"><i class=\"fa fa-pinterest\"></i><span>pinterest</span></a> <a href=\"#\" class=\"facebook\"><i class=\"fa fa-facebook\"></i><span>facebook</span></a> <a href=\"#\" class=\"twitter\"><i class=\"fa fa-twitter\"></i><span>twitter</span></a> <a href=\"#\" class=\"youtube\"><i class=\"fa fa-youtube\"></i><span>youtube</span></a> <a href=\"#\" class=\"tumblr\"><i class=\"fa fa-tumblr-square\"></i><span>tumblr</span></a></div>\n<!-- Link back to Colorlib can't be removed. Template is licensed under CC BY 3.0. -->\n<p class=\"text-white text-center mt-5\">Copyright &copy;\n<script>document.write(new Date().getFullYear());</script>\nAll rights reserved | This template is made with <i class=\"fa fa-heart-o\" aria-hidden=\"true\"></i> by <a href=\"https://colorlib.com\" target=\"_blank\" rel=\"noopener\">Colorlib</a></p>\n<!-- Link back to Colorlib can't be removed. Template is licensed under CC BY 3.0. --></div>\n</div>\n</section>\n<!-- Footer section end -->",
          "description": "footer"
        }
      }
    },
    {
      "group": "Legal",
      "active": true,
      "_id": "5ba372cb49ceac42b4a1686c",
      "code": "legalTxt",
      "translation": {
        "en": {
          "content": "<div><span style=\"background-color: rgb(255, 255, 255); color: rgb(155, 155, 155); font-family: &quot;Open Sans&quot;, sans-serif; font-size: 12px; font-style: italic;\">\nThe requested information, marked with an asterisk, is mandatory and is intended for TODO, the controller, for processing your orders, managing your customer account, marketing and statistics studies. In accordance with the Data Protection Act of 06/01/1978, you have a right to access, rectify and delete data concerning you and opposition to their treatment. If you wish to exercise it, you can write to us..</span></div>",
          "description": "Legal text"
        },
        "fr": {
          "content": "<div><span style=\"background-color: rgb(255, 255, 255); color: rgb(155, 155, 155); font-family: &quot;Open Sans&quot;, sans-serif; font-size: 12px; font-style: italic;\">Les informations demandées, signalées par un astérisque, sont obligatoires et sont destinées à TODO, responsable du traitement, aux fins de traitement de vos commandes, de gestion de votre compte client, d'études marketing et statistiques. Conformément à la Loi Informatique et Libertés du 06/01/1978, vous disposez d'un droit d'accès, de rectification et de suppression des données vous concernant et d'opposition à leur traitement. Si vous souhaitez l'exercer, vous pouvez nous écrire.</span></div>",
          "description": "Texte légal"
        }
      }
    },
    {
      "group": "Legal",
      "active": true,
      "_id": "5c77e036b1312038f0936f41",
      "code": "cookie-banner",
      "translation": {
        "fr": {
          "description": "cookie-banner",
          "content": "En poursuivant votre navigation sur ce site, vous acceptez l'utilisation de cookies."
        },
        "en": {
          "description": "cookie-banner",
          "content": "By continuing your navigation on this site, you accept the use of cookies."
        }
      }
    },
    {
      "group": "Admin",
      "active": true,
      "_id": "5e29a422286b512918a391bb",
      "code": "invoice",
      "translation": {
        "fr": {
          "description": "invoice",
          "content": "<!DOCTYPE html>\n<html>\n  <head>\n    <meta charset=\"utf-8\">\n  </head>\n  <body>\n    <header class=\"clearfix\">\n      <div id=\"logo\">\n        LOGO\n      </div>\n      <h1>INVOICE {{number}}</h1>\n      <div id=\"company\" class=\"clearfix\">\n        <div>Company Name</div>\n        <div>Address1,<br /> CP, City</div>\n        <div>(+33) 000-000-000</div>\n        <div><a href=\"mailto:company@example.com\">email@company.com</a></div>\n      </div>\n      <div id=\"project\">\n        <div><span>CLIENT</span> {{firstname}} {{lastname}}</div>\n        <div><span>ADDRESS</span> {{address.line1}} {{address.line2}}</div>\n        <div><span>ADDRESS</span> {{address.zipcode}} {{address.city}} {{address.country}}</div>\n        <div><span>DATE</span> {{createdAt}}</div>\n      </div>\n    </header>\n    <main>\n      <table>\n        <thead>\n          <tr>\n            <th class=\"service\">CODE</th>\n            <th class=\"desc\">DESCRIPTION</th>\n            <th>PRICE</th>\n            <th>QTY</th>\n            <th>TOTAL</th>\n          </tr>\n        </thead>\n        <tbody>\n          <!--startitems-->\n          <tr>\n            <td class=\"service\">{{product.code}}</td>\n            <td class=\"desc\">{{product.name}}</td>\n            <td class=\"unit\">{{product.priceAti}} €</td>\n            <td class=\"qty\">{{product.quantity}}</td>\n            <td class=\"total\">{{product.priceAti}} €</td>\n          </tr>\n          <!--enditems-->\n          <tr>\n            <td colspan=\"4\">SUBTOTAL</td>\n            <td class=\"total\">{{priceSubTotalAti}} €</td>\n          </tr>\n          <tr>\n            <td colspan=\"4\">SHIPPING</td>\n            <td class=\"total\">{{deliveryPriceAti}} €</td>\n          </tr>\n          <tr>\n            <td colspan=\"4\">TAX 20%</td>\n            <td class=\"total\">{{additionnalFeesTax}} €</td>\n          </tr>\n          <tr>\n            <td colspan=\"4\" class=\"grand total\">GRAND TOTAL</td>\n            <td class=\"grand total\">{{totalAmount}} €</td>\n          </tr>\n        </tbody>\n      </table>\n      <div id=\"notices\">\n        <div>NOTICE:</div>\n        <div class=\"notice\">IF NEEDED.</div>\n      </div>\n    </main>\n    <footer>\n      Invoice was created on a computer and is valid without the signature and seal.\n    </footer>\n  </body>\n</html>\n\n<!-- \n{{number}}                 : bill.facture\n{{totalAmount}}            : bill.montant\n{{withTaxes}}              : bill.withTaxes\n{{email}}                  : bill.email\n{{paymentDate}}            : bill.paymentDate\n{{createdAt}}           : bill.createdAt\n{{isPaid}}                 : bill.isPaid\n{{firstname}}              : bill.address.firstname\n{{lastname}}               : bill.address.lastname\n{{company}}                : bill.address.companyName\n{{phone}}                  : bill.address.phone\n{{phone_mobile}}           : bill.address.phone_mobile\n{{address.line1}}          : bill.address.line1\n{{address.line2}}          : bill.address.line2\n{{address.zipcode}}        : bill.address.zipcode\n{{address.city}}           : bill.address.city\n{{address.isoCountryCode}} : bill.address.isoCountryCode\n{{address.country}}        : bill.address.country\n{{deliveryPriceAti}}       : bill.delivery.price.ati\n{{deliveryPriceEt}}        : bill.delivery.price.et\n{{deliveryPriceVat}}       : bill.delivery.price.vat\n{{deliveryCode}}           : bill.delivery.code\n{{deliveryName}}\"          : bill.delivery.name\n{{promoPriceAti}}          : bill.promos.discountATI\n{{promoPriceEt}}           : bill.promos.discountET\n{{promoName}}              : bill.promos.name\n{{promoDescription}}       : bill.promos.description\n{{promoCode}}              : bill.promos.code\n{{additionnalFeesAti}}     : bill.additionnalFees.ati\n{{additionnalFeesEt}}      : bill.additionnalFees.et\n{{additionnalFeesTax}}     : bill.additionnalFees.tax\n{{priceSubTotalAti}}       : bill.priceSubTotal.ati\n{{priceSubTotalEt}}        : bill.priceSubTotal.et\n-->\n\n<!--startitems-->\n{{product.name}}            : bill.items[i].name\n{{product.code}}            : bill.items[i].code\n{{product.quantity}}        : bill.items[i].quantity\n{{product.priceAti}}        : bill.items[i].price.unit.ati\n{{product.specialPriceAti}} : bill.items[i].price.special.ati\n{{product.priceEt}}         : bill.items[i].price.unit.et\n{{product.specialPriceEt}}  : bill.items[i].price.special.et\n{{product.vatRate}}         : bill.items[i].price.vat.rate\n{{product.discountATI}}     : ''\n{{product.discountET}}      : ''\n{{product.basePriceET}}     : ''\n{{product.basePriceATI}}    : ''\n<!--enditems-->\n\n\n<style>\n\n.clearfix:after {\n  content: \"\";\n  display: table;\n  clear: both;\n}\n\na {\n  color: #5D6975;\n  text-decoration: underline;\n}\n\nbody {\n  position: relative;\n  width: 21cm;  \n  height: 29.7cm; \n  margin: 0 auto; \n  color: #001028;\n  background: #FFFFFF; \n  font-family: Arial, sans-serif; \n  font-size: 12px; \n  font-family: Arial;\n}\n\nheader {\n  padding: 10px 0;\n  margin-bottom: 30px;\n}\n\n#logo {\n  text-align: center;\n  margin-bottom: 10px;\n}\n\n#logo img {\n  width: 90px;\n}\n\nh1 {\n  border-top: 1px solid  #5D6975;\n  border-bottom: 1px solid  #5D6975;\n  color: #5D6975;\n  font-size: 2.4em;\n  line-height: 1.4em;\n  font-weight: normal;\n  text-align: center;\n  margin: 0 0 20px 0;\n  background: url(dimension.png);\n}\n\n#project {\n  float: left;\n}\n\n#project span {\n  color: #5D6975;\n  text-align: right;\n  width: 52px;\n  margin-right: 10px;\n  display: inline-block;\n  font-size: 0.8em;\n}\n\n#company {\n  float: right;\n  text-align: right;\n}\n\n#project div,\n#company div {\n  white-space: nowrap;        \n}\n\ntable {\n  width: 100%;\n  border-collapse: collapse;\n  border-spacing: 0;\n  margin-bottom: 20px;\n}\n\ntable tr:nth-child(2n-1) td {\n  background: #F5F5F5;\n}\n\ntable th,\ntable td {\n  text-align: center;\n}\n\ntable th {\n  padding: 5px 20px;\n  color: #5D6975;\n  border-bottom: 1px solid #C1CED9;\n  white-space: nowrap;        \n  font-weight: normal;\n}\n\ntable .service,\ntable .desc {\n  text-align: left;\n}\n\ntable td {\n  padding: 20px;\n  text-align: right;\n}\n\ntable td.service,\ntable td.desc {\n  vertical-align: top;\n}\n\ntable td.unit,\ntable td.qty,\ntable td.total {\n  font-size: 1.2em;\n}\n\ntable td.grand {\n  border-top: 1px solid #5D6975;;\n}\n\n#notices .notice {\n  color: #5D6975;\n  font-size: 1.2em;\n}\n\nfooter {\n  color: #5D6975;\n  width: 100%;\n  height: 30px;\n  position: absolute;\n  bottom: 0;\n  border-top: 1px solid #C1CED9;\n  padding: 8px 0;\n  text-align: center;\n}\n</style>"
        },
        "en": {
          "description": "invoice",
          "content": "<!DOCTYPE html>\n<html>\n  <head>\n    <meta charset=\"utf-8\">\n  </head>\n  <body>\n    <header class=\"clearfix\">\n      <div id=\"logo\">\n        LOGO\n      </div>\n      <h1>INVOICE {{number}}</h1>\n      <div id=\"company\" class=\"clearfix\">\n        <div>Company Name</div>\n        <div>Address1,<br /> CP, City</div>\n        <div>(+33) 000-000-000</div>\n        <div><a href=\"mailto:company@example.com\">email@company.com</a></div>\n      </div>\n      <div id=\"project\">\n        <div><span>CLIENT</span> {{firstname}} {{lastname}}</div>\n        <div><span>ADDRESS</span> {{address.line1}} {{address.line2}}</div>\n        <div><span>ADDRESS</span> {{address.zipcode}} {{address.city}} {{address.country}}</div>\n        <div><span>DATE</span> {{createdAt}}</div>\n      </div>\n    </header>\n    <main>\n      <table>\n        <thead>\n          <tr>\n            <th class=\"service\">CODE</th>\n            <th class=\"desc\">DESCRIPTION</th>\n            <th>PRICE</th>\n            <th>QTY</th>\n            <th>TOTAL</th>\n          </tr>\n        </thead>\n        <tbody>\n          <!--startitems-->\n          <tr>\n            <td class=\"service\">{{product.code}}</td>\n            <td class=\"desc\">{{product.name}}</td>\n            <td class=\"unit\">{{product.priceAti}} €</td>\n            <td class=\"qty\">{{product.quantity}}</td>\n            <td class=\"total\">{{product.priceAti}} €</td>\n          </tr>\n          <!--enditems-->\n          <tr>\n            <td colspan=\"4\">SUBTOTAL</td>\n            <td class=\"total\">{{priceSubTotalAti}} €</td>\n          </tr>\n          <tr>\n            <td colspan=\"4\">SHIPPING</td>\n            <td class=\"total\">{{deliveryPriceAti}} €</td>\n          </tr>\n          <tr>\n            <td colspan=\"4\">TAX 20%</td>\n            <td class=\"total\">{{additionnalFeesTax}} €</td>\n          </tr>\n          <tr>\n            <td colspan=\"4\" class=\"grand total\">GRAND TOTAL</td>\n            <td class=\"grand total\">{{totalAmount}} €</td>\n          </tr>\n        </tbody>\n      </table>\n      <div id=\"notices\">\n        <div>NOTICE:</div>\n        <div class=\"notice\">IF NEEDED.</div>\n      </div>\n    </main>\n    <footer>\n      Invoice was created on a computer and is valid without the signature and seal.\n    </footer>\n  </body>\n</html>\n\n<!-- \n{{number}}                 : bill.facture\n{{totalAmount}}            : bill.montant\n{{withTaxes}}              : bill.withTaxes\n{{email}}                  : bill.email\n{{paymentDate}}            : bill.paymentDate\n{{createdAt}}           : bill.createdAt\n{{isPaid}}                 : bill.isPaid\n{{firstname}}              : bill.address.firstname\n{{lastname}}               : bill.address.lastname\n{{company}}                : bill.address.companyName\n{{phone}}                  : bill.address.phone\n{{phone_mobile}}           : bill.address.phone_mobile\n{{address.line1}}          : bill.address.line1\n{{address.line2}}          : bill.address.line2\n{{address.zipcode}}        : bill.address.zipcode\n{{address.city}}           : bill.address.city\n{{address.isoCountryCode}} : bill.address.isoCountryCode\n{{address.country}}        : bill.address.country\n{{deliveryPriceAti}}       : bill.delivery.price.ati\n{{deliveryPriceEt}}        : bill.delivery.price.et\n{{deliveryPriceVat}}       : bill.delivery.price.vat\n{{deliveryCode}}           : bill.delivery.code\n{{deliveryName}}\"          : bill.delivery.name\n{{promoPriceAti}}          : bill.promos.discountATI\n{{promoPriceEt}}           : bill.promos.discountET\n{{promoName}}              : bill.promos.name\n{{promoDescription}}       : bill.promos.description\n{{promoCode}}              : bill.promos.code\n{{additionnalFeesAti}}     : bill.additionnalFees.ati\n{{additionnalFeesEt}}      : bill.additionnalFees.et\n{{additionnalFeesTax}}     : bill.additionnalFees.tax\n{{priceSubTotalAti}}       : bill.priceSubTotal.ati\n{{priceSubTotalEt}}        : bill.priceSubTotal.et\n-->\n\n<!--startitems-->\n{{product.name}}            : bill.items[i].name\n{{product.code}}            : bill.items[i].code\n{{product.quantity}}        : bill.items[i].quantity\n{{product.priceAti}}        : bill.items[i].price.unit.ati\n{{product.specialPriceAti}} : bill.items[i].price.special.ati\n{{product.priceEt}}         : bill.items[i].price.unit.et\n{{product.specialPriceEt}}  : bill.items[i].price.special.et\n{{product.vatRate}}         : bill.items[i].price.vat.rate\n{{product.discountATI}}     : ''\n{{product.discountET}}      : ''\n{{product.basePriceET}}     : ''\n{{product.basePriceATI}}    : ''\n<!--enditems-->\n\n\n<style>\n\n.clearfix:after {\n  content: \"\";\n  display: table;\n  clear: both;\n}\n\na {\n  color: #5D6975;\n  text-decoration: underline;\n}\n\nbody {\n  position: relative;\n  width: 21cm;  \n  height: 29.7cm; \n  margin: 0 auto; \n  color: #001028;\n  background: #FFFFFF; \n  font-family: Arial, sans-serif; \n  font-size: 12px; \n  font-family: Arial;\n}\n\nheader {\n  padding: 10px 0;\n  margin-bottom: 30px;\n}\n\n#logo {\n  text-align: center;\n  margin-bottom: 10px;\n}\n\n#logo img {\n  width: 90px;\n}\n\nh1 {\n  border-top: 1px solid  #5D6975;\n  border-bottom: 1px solid  #5D6975;\n  color: #5D6975;\n  font-size: 2.4em;\n  line-height: 1.4em;\n  font-weight: normal;\n  text-align: center;\n  margin: 0 0 20px 0;\n  background: url(dimension.png);\n}\n\n#project {\n  float: left;\n}\n\n#project span {\n  color: #5D6975;\n  text-align: right;\n  width: 52px;\n  margin-right: 10px;\n  display: inline-block;\n  font-size: 0.8em;\n}\n\n#company {\n  float: right;\n  text-align: right;\n}\n\n#project div,\n#company div {\n  white-space: nowrap;        \n}\n\ntable {\n  width: 100%;\n  border-collapse: collapse;\n  border-spacing: 0;\n  margin-bottom: 20px;\n}\n\ntable tr:nth-child(2n-1) td {\n  background: #F5F5F5;\n}\n\ntable th,\ntable td {\n  text-align: center;\n}\n\ntable th {\n  padding: 5px 20px;\n  color: #5D6975;\n  border-bottom: 1px solid #C1CED9;\n  white-space: nowrap;        \n  font-weight: normal;\n}\n\ntable .service,\ntable .desc {\n  text-align: left;\n}\n\ntable td {\n  padding: 20px;\n  text-align: right;\n}\n\ntable td.service,\ntable td.desc {\n  vertical-align: top;\n}\n\ntable td.unit,\ntable td.qty,\ntable td.total {\n  font-size: 1.2em;\n}\n\ntable td.grand {\n  border-top: 1px solid #5D6975;;\n}\n\n#notices .notice {\n  color: #5D6975;\n  font-size: 1.2em;\n}\n\nfooter {\n  color: #5D6975;\n  width: 100%;\n  height: 30px;\n  position: absolute;\n  bottom: 0;\n  border-top: 1px solid #C1CED9;\n  padding: 8px 0;\n  text-align: center;\n}\n</style>"
        }
      }
    }
  ]
}