{
  "collection": "shipments",
  "datas": [
    {
      "preparation": {
        "delay": 1,
        "unit": "day"
      },
      "type": "DELIVERY",
      "active": true,
      "forAllPos": false,
      "countries": [
        {
          "_id": "5c6675ce583a67281c09f558",
          "prices": [
            {
              "weight_min": 0,
              "weight_max": 500,
              "price": 2,
              "_id": "5c6675ce583a67281c09f55a"
            },
            {
              "weight_min": 501,
              "weight_max": 9999999,
              "price": 10,
              "_id": "5c6675ce583a67281c09f559"
            }
          ],
          "country": "FR",
          "delay": 1,
          "unit": "day"
        },
        {
          "_id": "5c6675ce583a67281c09f555",
          "prices": [
            {
              "weight_min": 0,
              "weight_max": 500,
              "price": 3,
              "_id": "5c6675ce583a67281c09f557"
            },
            {
              "weight_min": 501,
              "weight_max": 9999999,
              "price": 20,
              "_id": "5c6675ce583a67281c09f556"
            }
          ],
          "country": "UK",
          "delay": 1,
          "unit": "day"
        }
      ],
      "_id": "5c667592583a67281c09f54c",
      "code": "std",
      "translation": {
        "en": {
          "name": "MyShipper"
        },
        "fr": {
          "name": "MonTransporteur"
        }
      },
      "freePriceLimit": 100,
      "vat_rate": 20,
      "url_logo": "/images/medias/50x50-70/5f2387ae4f4f5e2b45aece4a/shipper.png"
    }
  ]
}